8.391747850982938378e-03,7.632559934854507233e+00,1.297572813928127289e-02,7.051331996917724609e+00,3.750000000000000078e-04
1.426748012774623972e-02,6.960668277144431926e+00,1.627787202596664429e-02,6.761587619781494141e+00,5.000000000000000104e-04
1.765737264533527237e-02,6.703949568867683340e+00,1.965096406638622284e-02,6.599851131439208984e+00,5.000000000000000104e-04
2.736098570516333137e-02,6.433120947480201579e+00,4.787199571728706360e-02,6.096720695495605469e+00,5.000000000000000104e-04
1.089329565921798304e-01,5.478208176493644999e+00,1.462008655071258545e-01,5.190123558044433594e+00,5.000000000000000104e-04
1.688566370680928130e-01,5.024509047269821060e+00,1.893374174833297729e-01,4.898033618927001953e+00,5.000000000000000104e-04
2.039339798316359420e-01,4.787577483057975591e+00,2.169282436370849609e-01,4.706786155700683594e+00,5.000000000000000104e-04
2.315350533463060856e-01,4.611360650658607341e+00,2.389446496963500977e-01,4.555469989776611328e+00,5.000000000000000104e-04
2.515264103375375315e-01,4.489593965411185827e+00,2.615755200386047363e-01,4.439657688140869141e+00,5.000000000000000104e-04
2.688245059549808635e-01,4.393766276240349100e+00,2.785379290580749512e-01,4.360171318054199219e+00,5.000000000000000104e-04
2.838792907074093597e-01,4.307770327329635940e+00,2.913738787174224854e-01,4.291632175445556641e+00,5.000000000000000104e-04
2.950561457872390991e-01,4.242618229985237299e+00,3.029818236827850342e-01,4.216450691223144531e+00,5.000000000000000104e-04
3.067737720534205459e-01,4.176920204758643784e+00,3.106775879859924316e-01,4.176803588867187500e+00,5.000000000000000104e-04
3.158362720161676518e-01,4.124651865363120784e+00,3.166372179985046387e-01,4.144336700439453125e+00,5.000000000000000104e-04
3.241355397924781112e-01,4.075463208258152115e+00,3.292541801929473877e-01,4.061483860015869141e+00,5.000000000000000104e-04
3.311926198005676336e-01,4.037986631095409784e+00,3.336295485496520996e-01,4.031456947326660156e+00,5.000000000000000104e-04
3.371291428059339790e-01,4.004361389875412236e+00,3.385766148567199707e-01,4.007177829742431641e+00,5.000000000000000104e-04
3.415344648063182720e-01,3.977700814604759216e+00,3.459206223487854004e-01,3.964708566665649414e+00,5.000000000000000104e-04
3.470319261774420516e-01,3.950377236008644211e+00,3.494357466697692871e-01,3.955046415328979492e+00,5.000000000000000104e-04
3.512145921587944142e-01,3.926874101758003111e+00,3.527533113956451416e-01,3.933768987655639648e+00,5.000000000000000104e-04
3.543461833521723836e-01,3.907268649041652608e+00,3.573274612426757812e-01,3.914561271667480469e+00,5.000000000000000104e-04
3.601466222479939305e-01,3.875205988585948891e+00,3.605143427848815918e-01,3.877244472503662109e+00,5.000000000000000104e-04
3.628039956092834473e-01,3.858151572346687264e+00,3.645033538341522217e-01,3.872534751892089844e+00,5.000000000000000104e-04
3.656225015223026342e-01,3.845296477973461080e+00,3.674755692481994629e-01,3.846447229385375977e+00,5.000000000000000104e-04
3.685020428523421154e-01,3.827799712717533165e+00,3.680445253849029541e-01,3.850046873092651367e+00,5.000000000000000104e-04
3.710506258159875781e-01,3.814581079483032156e+00,3.713233172893524170e-01,3.820173025131225586e+00,5.000000000000000104e-04
3.741146400198340216e-01,3.798330996036529683e+00,3.733925223350524902e-01,3.813370704650878906e+00,5.000000000000000104e-04
3.760088295117020585e-01,3.783588845133781575e+00,3.771604895591735840e-01,3.802159070968627930e+00,5.000000000000000104e-04
3.785839761421084249e-01,3.766939460635185366e+00,3.787258565425872803e-01,3.783461570739746094e+00,5.000000000000000104e-04
3.810989175364374870e-01,3.754825066924095012e+00,3.781975805759429932e-01,3.774206161499023438e+00,5.000000000000000104e-04
3.837561922520398849e-01,3.740393434762954605e+00,3.834716081619262695e-01,3.752352952957153320e+00,5.000000000000000104e-04
3.845928133279085115e-01,3.734795373082160808e+00,3.847607672214508057e-01,3.754420042037963867e+00,5.000000000000000104e-04
3.867549720779061562e-01,3.722389097511768163e+00,3.873158991336822510e-01,3.739619970321655273e+00,5.000000000000000104e-04
3.880818276479840456e-01,3.714075804948806958e+00,3.883126378059387207e-01,3.734019041061401367e+00,5.000000000000000104e-04
3.906364655494690141e-01,3.701299800872802859e+00,3.894580304622650146e-01,3.725307464599609375e+00,5.000000000000000104e-04
3.924932525679469264e-01,3.687308876812458003e+00,3.899964392185211182e-01,3.719520568847656250e+00,5.000000000000000104e-04
3.944415930286049865e-01,3.679584984183311480e+00,3.933977186679840088e-01,3.706056118011474609e+00,5.000000000000000104e-04
3.953796789795160360e-01,3.674684351086616729e+00,3.929680585861206055e-01,3.707452535629272461e+00,5.000000000000000104e-04
3.964105385169386930e-01,3.668362834155559415e+00,3.963930606842041016e-01,3.687224149703979492e+00,5.000000000000000104e-04
3.977554113045334572e-01,3.661309343278408068e+00,3.960191309452056885e-01,3.687977790832519531e+00,5.000000000000000104e-04
3.997509673610329384e-01,3.651124173104763226e+00,3.995333611965179443e-01,3.676486492156982422e+00,5.000000000000000104e-04
4.003257715702057129e-01,3.645599596500396888e+00,3.984046876430511475e-01,3.679470777511596680e+00,5.000000000000000104e-04
4.019663486257195606e-01,3.637277700901031530e+00,4.027160406112670898e-01,3.658272027969360352e+00,5.000000000000000104e-04
4.030600491911172645e-01,3.630785790681839043e+00,4.017760157585144043e-01,3.659101009368896484e+00,5.000000000000000104e-04
4.044122473523020789e-01,3.623144684433937002e+00,4.013603627681732178e-01,3.662714004516601562e+00,5.000000000000000104e-04
4.054791899397969246e-01,3.617489231228828483e+00,4.066418707370758057e-01,3.639312267303466797e+00,5.000000000000000104e-04
4.063912506401539115e-01,3.611246416568755890e+00,4.037879109382629395e-01,3.644506454467773438e+00,5.000000000000000104e-04
4.077428127452731310e-01,3.604974681437015605e+00,4.052830934524536133e-01,3.635963678359985352e+00,5.000000000000000104e-04
4.081867095828056180e-01,3.601513081192970311e+00,4.062601327896118164e-01,3.634925365447998047e+00,5.000000000000000104e-04
4.159168358519673148e-01,3.549533255100250084e+00,4.145339727401733398e-01,3.585310459136962891e+00,2.500000000000000052e-04
4.170534088462591327e-01,3.541233341991901540e+00,4.151661396026611328e-01,3.575029134750366211e+00,2.500000000000000052e-04
4.180195217207074432e-01,3.536915337145328575e+00,4.146669209003448486e-01,3.581131458282470703e+00,2.500000000000000052e-04
4.186314850673079624e-01,3.533024234175682121e+00,4.165261685848236084e-01,3.564256429672241211e+00,2.500000000000000052e-04
4.198901761323213799e-01,3.524485431909561317e+00,4.171852171421051025e-01,3.562861680984497070e+00,2.500000000000000052e-04
4.209129789844155423e-01,3.521380818188190265e+00,4.184198379516601562e-01,3.562030076980590820e+00,2.500000000000000052e-04
4.207306546717882179e-01,3.520188857316970843e+00,4.190774559974670410e-01,3.555722475051879883e+00,2.500000000000000052e-04
4.228935943171381884e-01,3.510721353292465263e+00,4.183425009250640869e-01,3.558477401733398438e+00,2.500000000000000052e-04
4.226039458066225274e-01,3.510794999003410410e+00,4.191149473190307617e-01,3.554409027099609375e+00,2.500000000000000052e-04
4.226578519865870631e-01,3.508812291026115471e+00,4.208052456378936768e-01,3.549033880233764648e+00,2.500000000000000052e-04
4.239666898921132243e-01,3.503288683295250117e+00,4.208455085754394531e-01,3.548678874969482422e+00,2.500000000000000052e-04
4.234914943575859292e-01,3.504879425168037521e+00,4.212944507598876953e-01,3.544822692871093750e+00,2.500000000000000052e-04
4.241006744652986438e-01,3.500907968580722951e+00,4.220225512981414795e-01,3.542734146118164062e+00,2.500000000000000052e-04
4.256270901858806854e-01,3.492605555355548841e+00,4.226541817188262939e-01,3.534995794296264648e+00,2.500000000000000052e-04
4.253442783281207173e-01,3.494058653116226321e+00,4.232618510723114014e-01,3.538089752197265625e+00,2.500000000000000052e-04
4.265841213241219343e-01,3.488011878430843371e+00,4.222870469093322754e-01,3.534071445465087891e+00,2.500000000000000052e-04
4.267061430960893409e-01,3.487148032784462170e+00,4.232148528099060059e-01,3.534414768218994141e+00,2.500000000000000052e-04
4.259045320004224977e-01,3.490358900129795217e+00,4.226807057857513428e-01,3.534826278686523438e+00,2.500000000000000052e-04
4.314421289414167582e-01,3.453928856253623891e+00,4.278977513313293457e-01,3.501370191574096680e+00,1.250000000000000026e-04
4.311455473676323868e-01,3.456234894990921180e+00,4.254155457019805908e-01,3.520677328109741211e+00,1.250000000000000026e-04
4.320274808257817956e-01,3.450887691378593303e+00,4.278766512870788574e-01,3.504920005798339844e+00,1.250000000000000026e-04
4.322830471768975280e-01,3.450086359381675738e+00,4.285008609294891357e-01,3.503119230270385742e+00,1.250000000000000026e-04
4.331431548669934517e-01,3.442960361838340866e+00,4.283570647239685059e-01,3.503021717071533203e+00,1.250000000000000026e-04
4.336861719191074105e-01,3.440184825360775189e+00,4.289948344230651855e-01,3.500462293624877930e+00,1.250000000000000026e-04
4.335179594904184364e-01,3.442647264897823245e+00,4.282817542552947998e-01,3.499254465103149414e+00,1.250000000000000026e-04
4.339236228913068705e-01,3.439781059324741541e+00,4.277890026569366455e-01,3.508872747421264648e+00,1.250000000000000026e-04
4.329350001737475306e-01,3.443714459836483055e+00,4.295167326927185059e-01,3.497396469116210938e+00,1.250000000000000026e-04
4.344104397669434348e-01,3.437831076085567261e+00,4.284168779850006104e-01,3.499418020248413086e+00,1.250000000000000026e-04
4.349855373054742902e-01,3.433003972172737228e+00,4.286866486072540283e-01,3.503678798675537109e+00,1.250000000000000026e-04
4.341815328598022661e-01,3.437156397700309896e+00,4.290833175182342529e-01,3.499605894088745117e+00,1.250000000000000026e-04
4.372253320738673232e-01,3.417687599062919634e+00,4.315403699874877930e-01,3.480199337005615234e+00,6.250000000000000130e-05
4.365745027735829509e-01,3.420835704505443609e+00,4.307281672954559326e-01,3.486053466796875000e+00,6.250000000000000130e-05
4.380736720934510497e-01,3.411499861776828624e+00,4.318110048770904541e-01,3.479287147521972656e+00,6.250000000000000130e-05
4.385140044987201891e-01,3.410727151632308995e+00,4.318904578685760498e-01,3.481626510620117188e+00,6.250000000000000130e-05
4.372777250409126126e-01,3.417300656139850457e+00,4.325901567935943604e-01,3.475365161895751953e+00,6.250000000000000130e-05
4.384640529751777649e-01,3.409172845780849670e+00,4.338760375976562500e-01,3.471679210662841797e+00,6.250000000000000130e-05
4.387935444712638966e-01,3.409830564558506083e+00,4.323835074901580811e-01,3.479725122451782227e+00,6.250000000000000130e-05
4.389729882404208028e-01,3.405999246239661993e+00,4.316121935844421387e-01,3.487018823623657227e+00,6.250000000000000130e-05
4.389822656288743241e-01,3.407246112525462944e+00,4.334371089935302734e-01,3.476279258728027344e+00,6.250000000000000130e-05
4.388716704770922461e-01,3.405143772959709381e+00,4.338744878768920898e-01,3.466561079025268555e+00,3.125000000000000065e-05
4.404627346992492920e-01,3.395865413248539078e+00,4.343706667423248291e-01,3.466156482696533203e+00,3.125000000000000065e-05
4.395966699346899875e-01,3.401359943151474052e+00,4.344501197338104248e-01,3.464828252792358398e+00,3.125000000000000065e-05
4.393550688773393831e-01,3.403255481421947337e+00,4.330414533615112305e-01,3.476104259490966797e+00,3.125000000000000065e-05
4.406831938028335505e-01,3.394034604132175392e+00,4.346493780612945557e-01,3.460533142089843750e+00,3.125000000000000065e-05
4.412610249221324832e-01,3.392311859130859197e+00,4.346794188022613525e-01,3.459995508193969727e+00,3.125000000000000065e-05
4.401285058259963856e-01,3.397855728864669800e+00,4.333578050136566162e-01,3.473020553588867188e+00,3.125000000000000065e-05
4.411024802923202426e-01,3.394069891571998454e+00,4.340183138847351074e-01,3.468655824661254883e+00,3.125000000000000065e-05
4.418474999815225623e-01,3.388116681873798441e+00,4.342894852161407471e-01,3.464769840240478516e+00,1.562500000000000033e-05
4.410028226673602947e-01,3.390558170080185008e+00,4.345062971115112305e-01,3.464172840118408203e+00,1.562500000000000033e-05
4.408708399906754449e-01,3.393704535365104746e+00,4.349491000175476074e-01,3.462681055068969727e+00,1.562500000000000033e-05
4.414936913177370803e-01,3.388823919594287748e+00,4.361468553543090820e-01,3.455241203308105469e+00,1.562500000000000033e-05
4.412215230241418040e-01,3.391905225515365441e+00,4.337329268455505371e-01,3.469141721725463867e+00,1.562500000000000033e-05
4.422185449302196703e-01,3.386368067860603404e+00,4.352183341979980469e-01,3.460609436035156250e+00,1.562500000000000033e-05
4.417765523493289992e-01,3.388333944380283569e+00,4.343397021293640137e-01,3.463750362396240234e+00,1.562500000000000033e-05
4.417735254019498625e-01,3.388789124488830407e+00,4.346542954444885254e-01,3.465653419494628906e+00,7.812500000000000163e-06
4.420212795957922935e-01,3.387174489796161758e+00,4.355418384075164795e-01,3.459938049316406250e+00,7.812500000000000163e-06
4.416315331310033954e-01,3.385785785615444077e+00,4.350716471672058105e-01,3.462075710296630859e+00,7.812500000000000163e-06
4.426627343520522229e-01,3.382834357619285637e+00,4.354302585124969482e-01,3.459085464477539062e+00,3.906250000000000081e-06
4.411903709545731411e-01,3.389221155941486430e+00,4.357767403125762939e-01,3.458940267562866211e+00,3.906250000000000081e-06
4.421256742998957434e-01,3.387678155303001315e+00,4.365062117576599121e-01,3.451372385025024414e+00,3.906250000000000081e-06
4.417606836929917069e-01,3.388561955392360492e+00,4.330375492572784424e-01,3.474392414093017578e+00,3.906250000000000081e-06
4.426117087155580498e-01,3.382581764757633280e+00,4.344058632850646973e-01,3.465141057968139648e+00,3.906250000000000081e-06
4.418323148041963799e-01,3.386729947924613793e+00,4.365578293800354004e-01,3.454295873641967773e+00,3.906250000000000081e-06
4.425059473142027855e-01,3.383976030945778035e+00,4.350919723510742188e-01,3.460278272628784180e+00,3.906250000000000081e-06
4.421222557872533931e-01,3.384920030236244326e+00,4.357950985431671143e-01,3.456928491592407227e+00,3.906250000000000081e-06
4.419568749889731252e-01,3.386517654657363874e+00,4.346563220024108887e-01,3.465637922286987305e+00,3.906250000000000081e-06
4.428155178204178921e-01,3.383437652289867259e+00,4.351555705070495605e-01,3.463214159011840820e+00,1.953125000000000041e-06
4.424683979153632984e-01,3.381966874003410339e+00,4.349836111068725586e-01,3.461142539978027344e+00,1.953125000000000041e-06
4.431280175969004587e-01,3.379300899803638458e+00,4.357264041900634766e-01,3.452969312667846680e+00,1.953125000000000041e-06
4.426880268380045669e-01,3.382586117982864238e+00,4.359172880649566650e-01,3.454026937484741211e+00,9.765625000000000203e-07
4.424661040306091531e-01,3.385402255058288734e+00,4.354009330272674561e-01,3.458236217498779297e+00,9.765625000000000203e-07
4.419956446066498623e-01,3.385092077255249077e+00,4.363025128841400146e-01,3.449187040328979492e+00,9.765625000000000203e-07
4.426244530826807244e-01,3.380796889364719338e+00,4.358774423599243164e-01,3.458435535430908203e+00,4.882812500000000102e-07
4.423351465910673186e-01,3.383037336170673370e+00,4.354526996612548828e-01,3.458353757858276367e+00,4.882812500000000102e-07
4.421875873953103886e-01,3.385648891031741936e+00,4.351271986961364746e-01,3.462319850921630859e+00,4.882812500000000102e-07
4.434854881465434828e-01,3.376440249085426171e+00,4.350841641426086426e-01,3.459573984146118164e+00,2.441406250000000051e-07
4.417607323825359367e-01,3.385728871822357267e+00,4.346448779106140137e-01,3.464839220046997070e+00,2.441406250000000051e-07
4.435987697169184729e-01,3.377634379267692388e+00,4.346685111522674561e-01,3.460629224777221680e+00,2.441406250000000051e-07
4.414037496596574517e-01,3.388920837640762240e+00,4.354248046875000000e-01,3.457979440689086914e+00,1.220703125000000025e-07
4.427370994165539808e-01,3.381108916997909386e+00,4.352978467941284180e-01,3.459768772125244141e+00,1.220703125000000025e-07
4.435115130245685378e-01,3.377272515296935840e+00,4.355820417404174805e-01,3.457646608352661133e+00,1.220703125000000025e-07
4.424344139918685026e-01,3.381506876051425969e+00,4.353126585483551025e-01,3.457414865493774414e+00,6.103515625000000127e-08
4.424588768184185006e-01,3.383112888336181623e+00,4.359841942787170410e-01,3.453830718994140625e+00,6.103515625000000127e-08
4.424773824959993274e-01,3.383507185578346288e+00,4.356826543807983398e-01,3.455942869186401367e+00,6.103515625000000127e-08
4.425137109309434935e-01,3.382497974336147184e+00,4.358279407024383545e-01,3.456071376800537109e+00,3.051757812500000064e-08
4.425290434807538920e-01,3.382668906450271518e+00,4.347548186779022217e-01,3.461106777191162109e+00,3.051757812500000064e-08
4.426293356344103702e-01,3.380357920527458315e+00,4.355574846267700195e-01,3.458431005477905273e+00,3.051757812500000064e-08
4.424552148953080355e-01,3.384169417321682083e+00,4.350368976593017578e-01,3.460806369781494141e+00,1.525878906250000032e-08
4.420433496683836005e-01,3.386186949908733368e+00,4.347450435161590576e-01,3.465811967849731445e+00,1.525878906250000032e-08
4.434656148031353995e-01,3.378045833706855738e+00,4.357580542564392090e-01,3.455936670303344727e+00,1.525878906250000032e-08
4.419796779751777871e-01,3.384723501205444407e+00,4.365024268627166748e-01,3.449991464614868164e+00,1.525878906250000032e-08
4.424364155530929321e-01,3.384586335122585332e+00,4.361395239830017090e-01,3.451809406280517578e+00,1.525878906250000032e-08
4.432362693920731678e-01,3.377619087994098823e+00,4.360869526863098145e-01,3.449708461761474609e+00,1.525878906250000032e-08
4.434132713079452781e-01,3.377642287015914846e+00,4.355580508708953857e-01,3.458176612854003906e+00,1.525878906250000032e-08
4.423537499457597666e-01,3.381960440576076365e+00,4.368417859077453613e-01,3.451808929443359375e+00,1.525878906250000032e-08
4.419637105241417951e-01,3.385819074213504809e+00,4.352256059646606445e-01,3.460042238235473633e+00,1.525878906250000032e-08
4.426207417622208817e-01,3.383067753314971782e+00,4.336634874343872070e-01,3.470508337020874023e+00,1.525878906250000032e-08
4.423453513532876746e-01,3.382666796743869941e+00,4.357091784477233887e-01,3.457143545150756836e+00,1.525878906250000032e-08
4.426791405305266491e-01,3.380708991587161982e+00,4.344770312309265137e-01,3.464205980300903320e+00,1.525878906250000032e-08
4.432338765636086308e-01,3.377559229135513430e+00,4.344156086444854736e-01,3.468371629714965820e+00,1.525878906250000032e-08
4.423931058123707905e-01,3.384864342212677180e+00,4.343446791172027588e-01,3.468201875686645508e+00,1.525878906250000032e-08
4.427620017156004839e-01,3.379818579554557889e+00,4.354322552680969238e-01,3.456347465515136719e+00,1.525878906250000032e-08
4.420312893763184703e-01,3.385922295153140915e+00,4.339992403984069824e-01,3.464694499969482422e+00,1.525878906250000032e-08
4.430369040369987466e-01,3.380446709394454796e+00,4.353240728378295898e-01,3.458533287048339844e+00,1.525878906250000032e-08
4.425426657870412117e-01,3.383760710954666351e+00,4.349221587181091309e-01,3.464028835296630859e+00,1.525878906250000032e-08
4.428612692654133043e-01,3.379066048264503408e+00,4.338815808296203613e-01,3.466002941131591797e+00,1.525878906250000032e-08
4.425016500055790059e-01,3.384139480888843643e+00,4.354511201381683350e-01,3.457804679870605469e+00,1.525878906250000032e-08
4.424726951867342106e-01,3.383196734488010282e+00,4.347640275955200195e-01,3.462305784225463867e+00,1.525878906250000032e-08
4.427856833487748833e-01,3.381049936115741783e+00,4.365293383598327637e-01,3.451660633087158203e+00,1.525878906250000032e-08
4.431034081429243154e-01,3.379755159616470550e+00,4.346614480018615723e-01,3.466307163238525391e+00,1.525878906250000032e-08
4.423051168024539903e-01,3.383622222542762792e+00,4.368746280670166016e-01,3.449029207229614258e+00,1.525878906250000032e-08
4.426014062017202266e-01,3.382146563529968120e+00,4.348810017108917236e-01,3.463582277297973633e+00,1.525878906250000032e-08
4.419645411521196388e-01,3.384287947118282514e+00,4.363515079021453857e-01,3.454434156417846680e+00,1.525878906250000032e-08
4.426466211676597373e-01,3.383621672987938034e+00,4.365243911743164062e-01,3.452525854110717773e+00,1.525878906250000032e-08
4.418745505064725632e-01,3.385065634548664271e+00,4.351619184017181396e-01,3.460798740386962891e+00,1.525878906250000032e-08
4.430800193175673529e-01,3.381265485882758881e+00,4.357304871082305908e-01,3.459331274032592773e+00,1.525878906250000032e-08
4.422355854883789905e-01,3.385125587582588302e+00,4.351348280906677246e-01,3.459952354431152344e+00,1.525878906250000032e-08
4.423500391840934909e-01,3.382799070477485515e+00,4.357725977897644043e-01,3.460428476333618164e+00,1.525878906250000032e-08
4.434586815163493179e-01,3.378274700045585721e+00,4.351830184459686279e-01,3.460973262786865234e+00,1.525878906250000032e-08
4.420691795274615532e-01,3.384613579511642545e+00,4.341875612735748291e-01,3.467028617858886719e+00,1.525878906250000032e-08
4.417587306350469478e-01,3.386474325358867610e+00,4.356369078159332275e-01,3.455319643020629883e+00,1.525878906250000032e-08
4.428577536344528442e-01,3.381462645530700861e+00,4.361876845359802246e-01,3.455950975418090820e+00,1.525878906250000032e-08
4.425155172497033940e-01,3.383392883837223142e+00,4.347684085369110107e-01,3.463424205780029297e+00,1.525878906250000032e-08
4.429286031424999326e-01,3.381269741654396199e+00,4.354087114334106445e-01,3.456835985183715820e+00,1.525878906250000032e-08
4.418385645374655613e-01,3.386300402283668465e+00,4.351116120815277100e-01,3.462383031845092773e+00,1.525878906250000032e-08
4.422396871447563105e-01,3.384366862773895424e+00,4.360562562942504883e-01,3.451512813568115234e+00,1.525878906250000032e-08
4.424146872758865090e-01,3.383434157073497595e+00,4.359848499298095703e-01,3.454850673675537109e+00,1.525878906250000032e-08
4.426412008702754752e-01,3.382303507030010259e+00,4.363809227943420410e-01,3.452679634094238281e+00,1.525878906250000032e-08
4.428292868658900150e-01,3.380342238545417821e+00,4.362987577915191650e-01,3.457268714904785156e+00,1.525878906250000032e-08
4.421841209754348023e-01,3.385173107981681806e+00,4.348542988300323486e-01,3.463109254837036133e+00,1.525878906250000032e-08
4.423722072318196363e-01,3.383912101984023924e+00,4.359768629074096680e-01,3.453722238540649414e+00,1.525878906250000032e-08
4.421839250624179929e-01,3.386250256896019106e+00,4.359360337257385254e-01,3.455941677093505859e+00,1.525878906250000032e-08
4.433456934615969680e-01,3.377689978480339139e+00,4.351319670677185059e-01,3.460864305496215820e+00,1.525878906250000032e-08
4.427928614243865080e-01,3.382553098499775146e+00,4.369392395019531250e-01,3.446915626525878906e+00,1.525878906250000032e-08
4.424308979883789794e-01,3.383335692584514831e+00,4.345152080059051514e-01,3.464362144470214844e+00,1.525878906250000032e-08
4.417141015827655837e-01,3.388018535673618103e+00,4.356135725975036621e-01,3.456758022308349609e+00,1.525878906250000032e-08
4.429314355924725555e-01,3.381560128331184245e+00,4.359226524829864502e-01,3.457133054733276367e+00,1.525878906250000032e-08
4.426032132655381979e-01,3.380908046066760875e+00,4.344919323921203613e-01,3.468553781509399414e+00,1.525878906250000032e-08
4.426314849779010019e-01,3.381678425669670141e+00,4.348957836627960205e-01,3.462666749954223633e+00,1.525878906250000032e-08
4.420605373010039196e-01,3.387094872295856263e+00,4.345754086971282959e-01,3.465332031250000000e+00,1.525878906250000032e-08
4.424092184007167861e-01,3.383406148552894788e+00,4.339645802974700928e-01,3.469784498214721680e+00,1.525878906250000032e-08
4.424433003365993433e-01,3.383329311609267975e+00,4.358868598937988281e-01,3.455094337463378906e+00,1.525878906250000032e-08
4.428403223678469836e-01,3.379135611653327764e+00,4.361538290977478027e-01,3.451919794082641602e+00,1.525878906250000032e-08
4.414427634328603745e-01,3.389375698566436945e+00,4.348014593124389648e-01,3.462905645370483398e+00,1.525878906250000032e-08
4.432537989690900071e-01,3.379556443095207197e+00,4.354760944843292236e-01,3.457058429718017578e+00,1.525878906250000032e-08
4.419719139486551485e-01,3.384652906358242230e+00,4.356897473335266113e-01,3.458036422729492188e+00,1.525878906250000032e-08
4.418528715893625947e-01,3.384700857996940648e+00,4.364236295223236084e-01,3.454335451126098633e+00,1.525878906250000032e-08
4.424581931158900194e-01,3.384952269196510155e+00,4.364831745624542236e-01,3.453817367553710938e+00,1.525878906250000032e-08
4.426057034358382158e-01,3.382687442898750341e+00,4.356081783771514893e-01,3.457425832748413086e+00,1.525878906250000032e-08
4.417791895940899605e-01,3.386321487426757759e+00,4.354278147220611572e-01,3.455918788909912109e+00,1.525878906250000032e-08
4.428007231280207678e-01,3.380827918350696404e+00,4.359257519245147705e-01,3.457422971725463867e+00,1.525878906250000032e-08
4.425066797807812868e-01,3.383677944540977478e+00,4.361572861671447754e-01,3.452604055404663086e+00,1.525878906250000032e-08
4.422183006256819038e-01,3.383966020941734154e+00,4.349406659603118896e-01,3.462250947952270508e+00,1.525878906250000032e-08
4.422977438196539768e-01,3.383378637731075500e+00,4.361949861049652100e-01,3.452129602432250977e+00,1.525878906250000032e-08
4.431099997833370940e-01,3.381501884758472354e+00,4.362311065196990967e-01,3.451611280441284180e+00,1.525878906250000032e-08
4.428133201226592264e-01,3.380971942842006861e+00,4.355532824993133545e-01,3.459857702255249023e+00,1.525878906250000032e-08
4.421768458932638368e-01,3.384139958322048169e+00,4.357059597969055176e-01,3.458405971527099609e+00,1.525878906250000032e-08
4.424260647594928653e-01,3.384577184319496279e+00,4.361903667449951172e-01,3.456737279891967773e+00,1.525878906250000032e-08
4.438565329462289544e-01,3.376703190803527654e+00,4.348527789115905762e-01,3.460189342498779297e+00,1.525878906250000032e-08
4.413552149012685000e-01,3.387027944326400863e+00,4.359138011932373047e-01,3.456603288650512695e+00,1.525878906250000032e-08
4.427126853540539475e-01,3.383124832808971583e+00,4.348987936973571777e-01,3.462404966354370117e+00,1.525878906250000032e-08
4.417234276980161467e-01,3.386435628235340278e+00,4.360068142414093018e-01,3.454455375671386719e+00,1.525878906250000032e-08
4.428971579670906156e-01,3.380386496782302963e+00,4.356155991554260254e-01,3.455136060714721680e+00,1.525878906250000032e-08
4.426494038105011075e-01,3.382999770343303680e+00,4.356593489646911621e-01,3.456039190292358398e+00,1.525878906250000032e-08
4.407827541232108848e-01,3.390651576220989227e+00,4.359918832778930664e-01,3.454396247863769531e+00,1.525878906250000032e-08
4.425266503915190608e-01,3.383822778761386818e+00,4.366006255149841309e-01,3.451595067977905273e+00,1.525878906250000032e-08
4.427000387758016631e-01,3.380950467288494021e+00,4.355202317237854004e-01,3.457827329635620117e+00,1.525878906250000032e-08
4.428192777186631957e-01,3.382235460579395170e+00,4.356670975685119629e-01,3.461174964904785156e+00,1.525878906250000032e-08
4.425449604541063509e-01,3.382414849698543335e+00,4.341148138046264648e-01,3.469711542129516602e+00,1.525878906250000032e-08
4.423971582576632366e-01,3.382318288683891172e+00,4.345253705978393555e-01,3.466948747634887695e+00,1.525878906250000032e-08
4.425741602480411374e-01,3.383070214390754504e+00,4.338693022727966309e-01,3.470613479614257812e+00,1.525878906250000032e-08
4.423420801758766174e-01,3.383461118042469185e+00,4.361521899700164795e-01,3.453670978546142578e+00,1.525878906250000032e-08
4.426375389471650101e-01,3.380913062095642019e+00,4.346100986003875732e-01,3.464045763015747070e+00,1.525878906250000032e-08
4.422323632612824573e-01,3.385954153537750422e+00,4.352601170539855957e-01,3.461849212646484375e+00,1.525878906250000032e-08
4.419168848171829977e-01,3.386345178484916563e+00,4.349073767662048340e-01,3.464297056198120117e+00,1.525878906250000032e-08
4.427984276041388445e-01,3.380324787199497028e+00,4.358796477317810059e-01,3.456242322921752930e+00,1.525878906250000032e-08
4.435230369865894584e-01,3.378191046118736107e+00,4.354563057422637939e-01,3.459273815155029297e+00,1.525878906250000032e-08
4.419370507076382792e-01,3.384965245425701319e+00,4.352171123027801514e-01,3.459350109100341797e+00,1.525878906250000032e-08
4.425673239305615292e-01,3.382975289225578219e+00,4.348885715007781982e-01,3.463289976119995117e+00,1.525878906250000032e-08
4.426325584203004704e-01,3.382336048185825561e+00,4.359165132045745850e-01,3.454515933990478516e+00,1.525878906250000032e-08
4.425970607250928612e-01,3.381525411307811702e+00,4.352368414402008057e-01,3.458539724349975586e+00,1.525878906250000032e-08
4.418834381923079646e-01,3.386897457540035461e+00,4.360708892345428467e-01,3.452895164489746094e+00,1.525878906250000032e-08
4.425640527531504720e-01,3.384363247156143117e+00,4.356206655502319336e-01,3.458860158920288086e+00,1.525878906250000032e-08
4.425057032704353133e-01,3.381916797161102384e+00,4.352602660655975342e-01,3.460944652557373047e+00,1.525878906250000032e-08
4.428449608758092126e-01,3.379688856899738525e+00,4.353483319282531738e-01,3.460542201995849609e+00,1.525878906250000032e-08
4.431040427461266362e-01,3.380217669904232114e+00,4.343240857124328613e-01,3.463067054748535156e+00,1.525878906250000032e-08
4.426349020376801335e-01,3.381882593333721321e+00,4.356597959995269775e-01,3.459154367446899414e+00,1.525878906250000032e-08
4.424147362634539560e-01,3.384186913371086014e+00,4.350921809673309326e-01,3.460591554641723633e+00,1.525878906250000032e-08
4.425879296660423234e-01,3.380943267345428271e+00,4.358263313770294189e-01,3.454539299011230469e+00,1.525878906250000032e-08
4.420019427314400562e-01,3.385294992327690267e+00,4.343882799148559570e-01,3.465214967727661133e+00,1.525878906250000032e-08
4.428080465644598229e-01,3.382076805531978536e+00,4.346711039543151855e-01,3.462436199188232422e+00,1.525878906250000032e-08
4.426083887368440495e-01,3.381244823038577874e+00,4.357746839523315430e-01,3.457457780838012695e+00,1.525878906250000032e-08
4.432172263413667879e-01,3.378899088799953265e+00,4.364563822746276855e-01,3.451378822326660156e+00,1.525878906250000032e-08
4.423238177970051921e-01,3.384566315114498014e+00,4.360376596450805664e-01,3.453399181365966797e+00,1.525878906250000032e-08
4.426293848454952440e-01,3.381154567599296445e+00,4.358682930469512939e-01,3.454866409301757812e+00,1.525878906250000032e-08
4.423164454475045360e-01,3.383965402841567993e+00,4.361125230789184570e-01,3.453792572021484375e+00,1.525878906250000032e-08
4.429220603033900416e-01,3.380317868888377930e+00,4.369018375873565674e-01,3.447750091552734375e+00,1.525878906250000032e-08
4.427196680754423297e-01,3.381709056794643509e+00,4.351559281349182129e-01,3.464362144470214844e+00,1.525878906250000032e-08
4.421422751620411873e-01,3.384390814006328796e+00,4.351326227188110352e-01,3.462349653244018555e+00,1.525878906250000032e-08
4.426593648269772641e-01,3.381686239242553516e+00,4.358568489551544189e-01,3.456336975097656250e+00,1.525878906250000032e-08
4.426642481982707711e-01,3.381865010261535520e+00,4.340753555297851562e-01,3.466521024703979492e+00,1.525878906250000032e-08
4.427893453836441173e-01,3.381460703611373741e+00,4.354558289051055908e-01,3.460180282592773438e+00,1.525878906250000032e-08
4.414461326599121160e-01,3.389964203834533674e+00,4.350460171699523926e-01,3.462310314178466797e+00,1.525878906250000032e-08
4.425655175000429153e-01,3.381034300625324285e+00,4.351505637168884277e-01,3.463379621505737305e+00,1.525878906250000032e-08
4.425309471040964060e-01,3.383835297822952448e+00,4.357984066009521484e-01,3.453023672103881836e+00,1.525878906250000032e-08
4.422209861129522412e-01,3.383094305098056864e+00,4.364762008190155029e-01,3.452204942703247070e+00,1.525878906250000032e-08
4.421165918931365124e-01,3.385229517817497147e+00,4.347527921199798584e-01,3.459318637847900391e+00,1.525878906250000032e-08
4.428642483428120724e-01,3.380321751534938635e+00,4.354553818702697754e-01,3.455785274505615234e+00,1.525878906250000032e-08
4.419991112500429309e-01,3.386817823946476125e+00,4.361321628093719482e-01,3.455241203308105469e+00,1.525878906250000032e-08
4.423606837540864922e-01,3.382767940461635536e+00,4.347608685493469238e-01,3.463182926177978516e+00,1.525878906250000032e-08
4.427136621251702153e-01,3.381804437935352237e+00,4.359375834465026855e-01,3.458874464035034180e+00,1.525878906250000032e-08
4.423907617852091967e-01,3.383800819814205330e+00,4.362185299396514893e-01,3.451695919036865234e+00,1.525878906250000032e-08
4.428248438239097418e-01,3.379965198636055046e+00,4.353702068328857422e-01,3.460605859756469727e+00,1.525878906250000032e-08
4.424765530228614852e-01,3.383822791576385658e+00,4.353730082511901855e-01,3.458815097808837891e+00,1.525878906250000032e-08
4.419870996102690519e-01,3.384516634047031403e+00,4.347209334373474121e-01,3.463633298873901367e+00,1.525878906250000032e-08
4.428996484354138508e-01,3.381099483668803973e+00,4.360503256320953369e-01,3.453213453292846680e+00,1.525878906250000032e-08
4.420304597914219147e-01,3.384291968047618671e+00,4.357137680053710938e-01,3.455309391021728516e+00,1.525878906250000032e-08
4.423823140561580769e-01,3.381941428184509491e+00,4.352951645851135254e-01,3.460144519805908203e+00,1.525878906250000032e-08
4.431690333411097416e-01,3.380731800496578288e+00,4.363470077514648438e-01,3.454874277114868164e+00,1.525878906250000032e-08
4.424022852256894178e-01,3.381802654266357511e+00,4.355555772781372070e-01,3.455743074417114258e+00,1.525878906250000032e-08
4.424895899742841698e-01,3.382633889317512299e+00,4.355402886867523193e-01,3.460929632186889648e+00,1.525878906250000032e-08
4.427225980535149374e-01,3.381843437850475365e+00,4.346738159656524658e-01,3.462295770645141602e+00,1.525878906250000032e-08
4.431410060077905499e-01,3.380716132819652664e+00,4.360268712043762207e-01,3.452053785324096680e+00,1.525878906250000032e-08
4.426894916594028562e-01,3.381816301643848277e+00,4.362059235572814941e-01,3.450872421264648438e+00,1.525878906250000032e-08
4.427763085812330135e-01,3.381261305510997683e+00,4.357222020626068115e-01,3.455749988555908203e+00,1.525878906250000032e-08
4.415623432770371393e-01,3.387834404706954849e+00,4.367790818214416504e-01,3.450940608978271484e+00,1.525878906250000032e-08
4.422911034896969684e-01,3.384718981683254135e+00,4.353803992271423340e-01,3.458014249801635742e+00,1.525878906250000032e-08
4.422139548137783982e-01,3.384423467218875992e+00,4.355071187019348145e-01,3.456708431243896484e+00,1.525878906250000032e-08
4.425880276039242944e-01,3.381318228244781565e+00,4.352051019668579102e-01,3.460964202880859375e+00,1.525878906250000032e-08
4.431694237142801418e-01,3.379451556801795764e+00,4.352071881294250488e-01,3.455735206604003906e+00,1.525878906250000032e-08
4.421334379538893744e-01,3.385854046642780446e+00,4.352443218231201172e-01,3.460206985473632812e+00,1.525878906250000032e-08
4.427210839465260395e-01,3.379753021597862173e+00,4.353596270084381104e-01,3.458797216415405273e+00,1.525878906250000032e-08
4.424075587093830308e-01,3.383032081425190185e+00,4.360010623931884766e-01,3.456712245941162109e+00,1.525878906250000032e-08
4.427861227095127306e-01,3.380931603312492317e+00,4.362426698207855225e-01,3.453810691833496094e+00,1.525878906250000032e-08
4.422680564224720223e-01,3.384270054101944147e+00,4.363147616386413574e-01,3.454544305801391602e+00,1.525878906250000032e-08
4.423501368612051121e-01,3.382967201471328789e+00,4.352706968784332275e-01,3.459750652313232422e+00,1.525878906250000032e-08
4.431418359652161687e-01,3.378752756118774236e+00,4.353579282760620117e-01,3.459296703338623047e+00,1.525878906250000032e-08
4.424313383176922687e-01,3.383307790756225675e+00,4.352342188358306885e-01,3.464961290359497070e+00,1.525878906250000032e-08
4.419212795048952369e-01,3.386806963980197871e+00,4.372398853302001953e-01,3.447198629379272461e+00,1.525878906250000032e-08
4.420214261487126484e-01,3.384743000566959203e+00,4.367833435535430908e-01,3.450945854187011719e+00,1.525878906250000032e-08
4.430576076731085888e-01,3.380387103259563375e+00,4.363707900047302246e-01,3.454455375671386719e+00,1.525878906250000032e-08
4.425212793052196725e-01,3.380905097126960968e+00,4.363285005092620850e-01,3.452750921249389648e+00,1.525878906250000032e-08
4.424070702493190788e-01,3.383839764893055158e+00,4.350833296775817871e-01,3.460142135620117188e+00,1.525878906250000032e-08
4.420550196245312535e-01,3.385527311861515010e+00,4.360734820365905762e-01,3.455607891082763672e+00,1.525878906250000032e-08
4.426099997013807075e-01,3.382753911912441236e+00,4.345866143703460693e-01,3.461506128311157227e+00,1.525878906250000032e-08
4.422986720874905742e-01,3.382868323028087598e+00,4.351627230644226074e-01,3.458862304687500000e+00,1.525878906250000032e-08
4.433796772360801830e-01,3.379442257583141540e+00,4.351563751697540283e-01,3.458308935165405273e+00,1.525878906250000032e-08
4.423272851109504855e-01,3.383952104449272191e+00,4.357122778892517090e-01,3.454304695129394531e+00,1.525878906250000032e-08
4.428266502544284111e-01,3.379671697914600426e+00,4.350437521934509277e-01,3.459453344345092773e+00,1.525878906250000032e-08
4.420828514918684893e-01,3.385222294628620343e+00,4.350619912147521973e-01,3.461409091949462891e+00,1.525878906250000032e-08
4.425274804607033929e-01,3.382151217460632520e+00,4.362543225288391113e-01,3.455528020858764648e+00,1.525878906250000032e-08
4.424710350483656018e-01,3.382419945001602368e+00,4.353124797344207764e-01,3.458276033401489258e+00,1.525878906250000032e-08
4.427532616630196483e-01,3.382207603156566655e+00,4.354794323444366455e-01,3.457906007766723633e+00,1.525878906250000032e-08
4.425034078955650263e-01,3.382539767920970775e+00,4.353721439838409424e-01,3.455018520355224609e+00,1.525878906250000032e-08
4.424444237723946793e-01,3.383641989231109815e+00,4.353628158569335938e-01,3.459778547286987305e+00,1.525878906250000032e-08
4.427419822290539764e-01,3.380219237208366589e+00,4.356844723224639893e-01,3.457231283187866211e+00,1.525878906250000032e-08
4.425150782987475329e-01,3.383501394391059680e+00,4.354852139949798584e-01,3.459505319595336914e+00,1.525878906250000032e-08
4.420649803802371158e-01,3.386313026547432159e+00,4.348715245723724365e-01,3.461187362670898438e+00,1.525878906250000032e-08
4.426069238036871023e-01,3.381817320883274025e+00,4.348087608814239502e-01,3.462195396423339844e+00,1.525878906250000032e-08
4.423916408047079973e-01,3.383500965833663887e+00,4.352803230285644531e-01,3.459229230880737305e+00,1.525878906250000032e-08
4.426308495178818969e-01,3.381550471484660925e+00,4.375812411308288574e-01,3.443492412567138672e+00,1.525878906250000032e-08
4.428738183900713943e-01,3.378729169666767174e+00,4.365063309669494629e-01,3.453222274780273438e+00,1.525878906250000032e-08
4.427575583755969935e-01,3.381371119320392804e+00,4.360582828521728516e-01,3.455247640609741211e+00,1.525878906250000032e-08
4.426610253751278035e-01,3.381892580687999583e+00,4.356124699115753174e-01,3.455940246582031250e+00,1.525878906250000032e-08
4.421441307663917519e-01,3.386046268641948576e+00,4.364215135574340820e-01,3.451058149337768555e+00,1.525878906250000032e-08
4.426127341017127015e-01,3.381220600903034335e+00,4.360936582088470459e-01,3.454131603240966797e+00,1.525878906250000032e-08
4.432398343831300824e-01,3.379064296185970484e+00,4.354622066020965576e-01,3.458058595657348633e+00,1.525878906250000032e-08
4.425479883700609296e-01,3.382305791974067777e+00,4.354804158210754395e-01,3.460276603698730469e+00,1.525878906250000032e-08
4.423377344757318252e-01,3.384527925848960894e+00,4.360828995704650879e-01,3.455527544021606445e+00,1.525878906250000032e-08
4.425023820251226536e-01,3.383504788875579816e+00,4.352361857891082764e-01,3.461722612380981445e+00,1.525878906250000032e-08
4.425020895525813014e-01,3.384299064576625771e+00,4.362447857856750488e-01,3.452485322952270508e+00,1.525878906250000032e-08
4.425228911265730591e-01,3.380945823788642723e+00,4.366029798984527588e-01,3.451950311660766602e+00,1.525878906250000032e-08
4.435577050596475335e-01,3.376160464286804164e+00,4.361993372440338135e-01,3.454954624176025391e+00,1.525878906250000032e-08
4.425951076671481021e-01,3.381853393316268885e+00,4.348793923854827881e-01,3.462967395782470703e+00,1.525878906250000032e-08
4.425267479196191012e-01,3.383109857141971766e+00,4.354137480258941650e-01,3.459385633468627930e+00,1.525878906250000032e-08
4.426192288473248526e-01,3.382433132529258923e+00,4.350592494010925293e-01,3.459627151489257812e+00,1.525878906250000032e-08
4.428998924791812675e-01,3.380600631237030029e+00,4.346644878387451172e-01,3.463995933532714844e+00,1.525878906250000032e-08
4.428275290504097850e-01,3.381135183274746048e+00,4.357423782348632812e-01,3.454494237899780273e+00,1.525878906250000032e-08
4.417114159837365328e-01,3.386201195418834686e+00,4.354563951492309570e-01,3.455763101577758789e+00,1.525878906250000032e-08
4.434135152399539814e-01,3.378622236251831001e+00,4.357523024082183838e-01,3.458207130432128906e+00,1.525878906250000032e-08
4.428910059109330000e-01,3.380626862347126060e+00,4.356375932693481445e-01,3.455712556838989258e+00,1.525878906250000032e-08
4.423152247443795093e-01,3.383564800322055977e+00,4.355798363685607910e-01,3.458261489868164062e+00,1.525878906250000032e-08
4.428715725243091428e-01,3.381081101000309008e+00,4.357962906360626221e-01,3.457617521286010742e+00,1.525878906250000032e-08
4.423142968863248981e-01,3.381442215144634389e+00,4.352498054504394531e-01,3.455330848693847656e+00,1.525878906250000032e-08
4.433510149642825304e-01,3.379412506818771256e+00,4.350371062755584717e-01,3.462379693984985352e+00,1.525878906250000032e-08
4.415627342090010510e-01,3.386682412922382479e+00,4.359761476516723633e-01,3.459537744522094727e+00,1.525878906250000032e-08
4.424548730999231516e-01,3.383021011948585510e+00,4.350334107875823975e-01,3.463212013244628906e+00,1.525878906250000032e-08
4.430814354866743354e-01,3.380164779424667199e+00,4.359284043312072754e-01,3.455803394317626953e+00,1.525878906250000032e-08
4.418341699242591680e-01,3.385164386034011930e+00,4.357238113880157471e-01,3.457953214645385742e+00,1.525878906250000032e-08
4.429695700854063278e-01,3.380508951842784882e+00,4.377158880233764648e-01,3.445253610610961914e+00,1.525878906250000032e-08
4.429534571245312691e-01,3.379734705984592580e+00,4.357915222644805908e-01,3.458084344863891602e+00,1.525878906250000032e-08
4.422502828389406337e-01,3.383534607291221796e+00,4.363962709903717041e-01,3.452032804489135742e+00,1.525878906250000032e-08
4.425603909417986648e-01,3.383348555862903506e+00,4.355717301368713379e-01,3.456514358520507812e+00,1.525878906250000032e-08
4.431493063643574537e-01,3.377228393554687624e+00,4.354812800884246826e-01,3.455459356307983398e+00,1.525878906250000032e-08
4.423294825851917245e-01,3.383789044618606745e+00,4.352881908416748047e-01,3.457346200942993164e+00,1.525878906250000032e-08
4.431195210292935283e-01,3.379706091582775240e+00,4.346088469028472900e-01,3.465146780014038086e+00,1.525878906250000032e-08
4.426263083517551489e-01,3.380282115638256091e+00,4.348161816596984863e-01,3.461492776870727539e+00,1.525878906250000032e-08
4.427949118241667481e-01,3.381170339286327486e+00,4.352633655071258545e-01,3.461651802062988281e+00,1.525878906250000032e-08
4.430654203519225343e-01,3.379426293373108070e+00,4.352747499942779541e-01,3.461434125900268555e+00,1.525878906250000032e-08
4.426494526863098411e-01,3.381808659434318631e+00,4.352811276912689209e-01,3.462221860885620117e+00,1.525878906250000032e-08
4.421067771688103609e-01,3.385070000588894068e+00,4.365409612655639648e-01,3.450510740280151367e+00,1.525878906250000032e-08
4.427273830771445984e-01,3.383020597100257820e+00,4.361938238143920898e-01,3.453620433807373047e+00,1.525878906250000032e-08
4.428513576462864698e-01,3.380824385285377431e+00,4.355985820293426514e-01,3.460123777389526367e+00,1.525878906250000032e-08
4.425651268661022208e-01,3.380861085951328171e+00,4.354548156261444092e-01,3.455463647842407227e+00,1.525878906250000032e-08
4.425776756182313032e-01,3.381632287204265452e+00,4.352958202362060547e-01,3.461064577102661133e+00,1.525878906250000032e-08
4.430415919795632207e-01,3.381538660526275830e+00,4.345863163471221924e-01,3.464842557907104492e+00,1.525878906250000032e-08
4.430445214360952400e-01,3.379661906361580037e+00,4.333120882511138916e-01,3.468711614608764648e+00,1.525878906250000032e-08
4.419014059752225942e-01,3.386303719282150126e+00,4.355070888996124268e-01,3.458142995834350586e+00,1.525878906250000032e-08
4.429860248416662150e-01,3.380533008277416318e+00,4.355361759662628174e-01,3.459295272827148438e+00,1.525878906250000032e-08
4.429865141585469512e-01,3.379456072151660884e+00,4.361347258090972900e-01,3.452547311782836914e+00,1.525878906250000032e-08
4.427096582949161530e-01,3.381750048100948369e+00,4.362095892429351807e-01,3.454413890838623047e+00,1.525878906250000032e-08
4.423735740035772412e-01,3.381560958325863009e+00,4.362321197986602783e-01,3.453362464904785156e+00,1.525878906250000032e-08
4.428731832653284295e-01,3.381595392227172869e+00,4.365691542625427246e-01,3.449071407318115234e+00,1.525878906250000032e-08
4.414579972997307866e-01,3.385927438735961914e+00,4.351517558097839355e-01,3.462896585464477539e+00,1.525878906250000032e-08
4.422904687002301438e-01,3.384052974879741882e+00,4.347985386848449707e-01,3.461962223052978516e+00,1.525878906250000032e-08
4.425515529513359136e-01,3.383388769626617609e+00,4.353363215923309326e-01,3.457890272140502930e+00,1.525878906250000032e-08
4.424606345966458076e-01,3.384058864414691836e+00,4.360380768775939941e-01,3.454874277114868164e+00,1.525878906250000032e-08
4.428603900596499443e-01,3.381747769117355418e+00,4.349114596843719482e-01,3.461295843124389648e+00,1.525878906250000032e-08
4.419173735380172996e-01,3.384184873998165255e+00,4.359323382377624512e-01,3.452371597290039062e+00,1.525878906250000032e-08
4.424107320234179630e-01,3.383583144247531926e+00,4.342696666717529297e-01,3.465687751770019531e+00,1.525878906250000032e-08
4.432590234279632502e-01,3.379285179972648656e+00,4.352437853813171387e-01,3.461555480957031250e+00,1.525878906250000032e-08
4.430364653468131797e-01,3.379831521511077685e+00,4.352608621120452881e-01,3.461185693740844727e+00,1.525878906250000032e-08
4.426054100692272120e-01,3.381057284772396088e+00,4.369179606437683105e-01,3.449197292327880859e+00,1.525878906250000032e-08
4.423756741359829991e-01,3.383703519701957596e+00,4.359075427055358887e-01,3.454859972000122070e+00,1.525878906250000032e-08
4.422308493033051402e-01,3.385143203139305168e+00,4.352443814277648926e-01,3.457199573516845703e+00,1.525878906250000032e-08
4.428822165727615556e-01,3.381280643045902146e+00,4.344465136528015137e-01,3.466786623001098633e+00,1.525878906250000032e-08
4.424479883164167404e-01,3.382249239683151387e+00,4.365318715572357178e-01,3.452194452285766602e+00,1.525878906250000032e-08
4.420007224753498831e-01,3.385884957909583992e+00,4.353767633438110352e-01,3.460771083831787109e+00,1.525878906250000032e-08
4.429620993509888471e-01,3.381337282359599961e+00,4.370965361595153809e-01,3.450559377670288086e+00,1.525878906250000032e-08
4.430426656454801715e-01,3.380773450434207739e+00,4.352372288703918457e-01,3.458595275878906250e+00,1.525878906250000032e-08
4.419233304634690440e-01,3.384832389056682711e+00,4.345259964466094971e-01,3.462491273880004883e+00,1.525878906250000032e-08
4.424668846651911847e-01,3.382136607766151215e+00,4.347090423107147217e-01,3.463518381118774414e+00,1.525878906250000032e-08
4.416377339139580527e-01,3.388972157239913852e+00,4.365217983722686768e-01,3.454716444015502930e+00,1.525878906250000032e-08
4.419587790966034158e-01,3.386215966939926325e+00,4.366655647754669189e-01,3.451827764511108398e+00,1.525878906250000032e-08
4.431757715716957979e-01,3.379645614624023242e+00,4.350278079509735107e-01,3.460721254348754883e+00,1.525878906250000032e-08
4.419754789024591402e-01,3.386142247915267856e+00,4.364054203033447266e-01,3.450152635574340820e+00,1.525878906250000032e-08
4.421777734905481538e-01,3.383331229984760213e+00,4.354420006275177002e-01,3.456022977828979492e+00,1.525878906250000032e-08
4.427166407555341854e-01,3.382203144431114250e+00,4.359557032585144043e-01,3.454826354980468750e+00,1.525878906250000032e-08
4.425272851437330179e-01,3.381745032668113549e+00,4.349518418312072754e-01,3.461284160614013672e+00,1.525878906250000032e-08
4.427896387130021982e-01,3.379061146080494016e+00,4.359959363937377930e-01,3.456736564636230469e+00,1.525878906250000032e-08
4.418934469670057208e-01,3.387546709477901263e+00,4.358758926391601562e-01,3.458793640136718750e+00,1.525878906250000032e-08
4.426066309958696099e-01,3.381779447495937507e+00,4.341317117214202881e-01,3.468136310577392578e+00,1.525878906250000032e-08
4.417089739814400451e-01,3.387114324271678800e+00,4.362899065017700195e-01,3.454172372817993164e+00,1.525878906250000032e-08
4.419350975006818838e-01,3.385482834875583436e+00,4.348410665988922119e-01,3.461321830749511719e+00,1.525878906250000032e-08
4.423912502080202258e-01,3.382665219902992071e+00,4.350935816764831543e-01,3.460277080535888672e+00,1.525878906250000032e-08
4.426867093890905491e-01,3.381654841303825432e+00,4.361453652381896973e-01,3.455457925796508789e+00,1.525878906250000032e-08
4.422370997071266019e-01,3.384867325425148010e+00,4.347929656505584717e-01,3.461211442947387695e+00,1.525878906250000032e-08
4.421950583904981635e-01,3.385676624178886485e+00,4.348055124282836914e-01,3.464924097061157227e+00,1.525878906250000032e-08
4.418974018469452592e-01,3.383953002393245590e+00,4.344015121459960938e-01,3.466556072235107422e+00,1.525878906250000032e-08
4.418455467745661669e-01,3.387730692028999346e+00,4.358993768692016602e-01,3.455466508865356445e+00,1.525878906250000032e-08
4.431423242762684844e-01,3.378346949815750122e+00,4.348768591880798340e-01,3.462952375411987305e+00,1.525878906250000032e-08
4.434507229551672980e-01,3.379033206999301875e+00,4.362157285213470459e-01,3.453872442245483398e+00,1.525878906250000032e-08
4.421492093056440531e-01,3.384374939203262489e+00,4.351700544357299805e-01,3.461061477661132812e+00,1.525878906250000032e-08
4.422733300179242932e-01,3.385182897448539840e+00,4.346745312213897705e-01,3.462771892547607422e+00,1.525878906250000032e-08
4.432000876963138603e-01,3.378522835671901703e+00,4.353797733783721924e-01,3.458063840866088867e+00,1.525878906250000032e-08
4.423261131718754791e-01,3.382612940371036547e+00,4.354149699211120605e-01,3.458877325057983398e+00,1.525878906250000032e-08
4.420896387100219926e-01,3.385134831666946287e+00,4.357215166091918945e-01,3.456841707229614258e+00,1.525878906250000032e-08
